shortcode,status,primary_theme,recovered_words,editorial_note,review_flags
CVF8FvBI1Fp,archive,Writing & Learning,78,Time-bound announcement or promotion.,
CVGM1gno_Bf,archive,Life & Reflection,45,Time-bound announcement or promotion.,
CVG3vhrIMG6,archive,Writing & Learning,125,Time-bound announcement or promotion.,
CVIdgkcIY5g,archive,Love & Relationships,44,Time-bound announcement or promotion.,
CVJWyKSIjuF,reserve,Love & Relationships,52,Tree metaphor could work with a lighter edit.,
CVMYzKCIggR,core,Writing & Learning,58,A candid admission of a writer's identity.,
CVOQpVhIefn,reserve,Love & Relationships,57,"Compassionate, but overlaps stronger pieces about worthiness.",
CVO4B70oT3z,archive,Love & Relationships,41,Not selected in this editorial pass; source retained.,
CVPnhQio3jU,archive,Love & Relationships,51,Not selected in this editorial pass; source retained.,
CVSm4VFokYG,reserve,Inner Life & Healing,52,Useful bodily pause; familiar phrasing needs a fresh setting.,
CVThrYVI3Pu,core,Life & Reflection,54,A small cinema scene with a distinctive observation.,
CVT57dSIbb1,archive,Love & Relationships,39,Not selected in this editorial pass; source retained.,
CVX4zdDI5_D,archive,Life & Reflection,41,Not selected in this editorial pass; source retained.,
CVZH4Cpo_AM,archive,Life & Reflection,45,Not selected in this editorial pass; source retained.,
CVaVcrioOr9,core,Love & Relationships,55,A lyrical miniature about love and return.,
CVai-rSIQTa,archive,Life & Reflection,39,Not selected in this editorial pass; source retained.,
CVaqnrhohh8,archive,Life & Reflection,38,Not selected in this editorial pass; source retained.,
CVbuC1dIZ_L,archive,Life & Reflection,5,Brief fragment not selected for this collection pass.,
CVeHI_qIsF0,archive,Love & Relationships,46,Time-bound announcement or promotion.,
CVecf3co-iT,reserve,Life & Reflection,54,The boy and elder scene could be developed.,
CVgco-QI3Nq,archive,Love & Relationships,47,Not selected in this editorial pass; source retained.,
CVh2sTho12R,archive,Life & Reflection,48,Not selected in this editorial pass; source retained.,
CVojVUdogAx,archive,Life & Reflection,37,Not selected in this editorial pass; source retained.,
CVonWNcoCuk,archive,Worship & Ramadan,23,Not selected in this editorial pass; source retained.,
CVp3Rhwop_N,core,Life & Reflection,43,A compact exchange with a memorable turn.,
CVtX6C_I6on,archive,Life & Reflection,10,Brief fragment not selected for this collection pass.,
CVtsvXHI0vf,core,Work & Simplicity,58,A rhythmic meditation on unseen work.,
CV0yQGFISsb,archive,Faith & Trust,30,Not selected in this editorial pass; source retained.,
CV5e0XRIxDy,core,Faith & Trust,79,Quiet devotion rendered as a private scene.,
CV5hWgPo09U,archive,Inner Life & Healing,37,Not selected in this editorial pass; source retained.,
CV719DWIUkt,archive,Love & Relationships,34,Time-bound announcement or promotion.,
CV_hZ2BITtK,core,Love & Relationships,39,Strong parallel lines on character and love.,
CWFAOkAIyDG,archive,Work & Simplicity,48,Not selected in this editorial pass; source retained.,
CWLYe7woYmm,archive,Life & Reflection,20,Not selected in this editorial pass; source retained.,
CWtm5g9oX-n,reserve,Love & Relationships,341,Substantial relationship essay needs a tighter argument.,
CW6cxUpI_Xc,reserve,Faith & Trust,300,Purpose essay needs a more personal scene.,
CW8_sPNo9Fs,core,Love & Relationships,342,An extended reflection on friendships ending.,
CXb1DyQIdYx,archive,Inner Life & Healing,253,Not selected in this editorial pass; source retained.,
CYP53Qqogp0,archive,Love & Relationships,50,Not selected in this editorial pass; source retained.,
CYUHMo2Ig8e,archive,Culture & Media,40,Not selected in this editorial pass; source retained.,
CYUP9SiowUw,archive,Life & Reflection,49,Not selected in this editorial pass; source retained.,
CY8KnA2IHrg,core,Inner Life & Healing,53,A clear image of someone trying to heal; retain one copy.,repeated text
CY8-NDPI1PU,archive,Faith & Trust,55,Not selected in this editorial pass; source retained.,
CY9YCEUIbMr,core,Inner Life & Healing,44,A rhythmic list that broadens the meaning of healing; retain one copy.,repeated text
CY9vJDEoozk,core,Love & Relationships,62,Heartbreak set against ordinary acts of kindness.,
CY-J1uCoKRF,reserve,Journeys & Encounters,52,Slow living scene is promising but brief.,
CZAFJZ1of6Z,archive,Inner Life & Healing,48,Not selected in this editorial pass; source retained.,
CZCVn4Wo0T3,reserve,Life & Reflection,40,Questions about speech and silence need further development.,
CZCmXSQIuyJ,archive,Life & Reflection,33,Third-party or attributed material; not treated as original prose.,
CZFigwqoKBn,reserve,Journeys & Encounters,29,Travel insight needs a particular journey.,
CZHjpzDog72,archive,Life & Reflection,51,Not selected in this editorial pass; source retained.,
CZIAndtouE5,archive,Faith & Trust,25,Repeated version of another archived post.,repeated text
CZIJgu4IjTw,archive,Life & Reflection,21,Repeated version of another archived post.,repeated text
CZI-wagIKaL,archive,Love & Relationships,26,Not selected in this editorial pass; source retained.,
CZJbdAVowH7,core,Life & Reflection,12,An arresting one-line meditation on mortality.,
CZKO7GwINpI,archive,Love & Relationships,28,Not selected in this editorial pass; source retained.,
CZK7SUgIfg2,archive,Journeys & Encounters,53,Not selected in this editorial pass; source retained.,
CZLbjapo5li,archive,Writing & Learning,10,Brief fragment not selected for this collection pass.,
CZMlMvhB5I7,reserve,Faith & Trust,53,Seed image is clear but widely used.,
CZNB8NehiRJ,archive,Faith & Trust,56,Not selected in this editorial pass; source retained.,
CZOG7UWBVaW,archive,Faith & Trust,55,Not selected in this editorial pass; source retained.,
CZOLLi6Bg0J,archive,Life & Reflection,18,Not selected in this editorial pass; source retained.,
CZOQ4_KhUFz,archive,Life & Reflection,15,Brief fragment not selected for this collection pass.,
CZPUgVJIBbN,core,Life & Reflection,58,Concrete images of shared heartache.,
CZPxgtJo8xw,reserve,Life & Reflection,48,Letting go image needs more specificity.,
CZPzcy2o9ZP,archive,Life & Reflection,12,Brief fragment not selected for this collection pass.,
CZRWQXuIOiK,core,Work & Simplicity,52,A sharp image of consumption and discontent.,
CZU5n_uoHDF,archive,Love & Relationships,14,Repeated version of another archived post.,repeated text
CZdkbUGI75I,core,Love & Relationships,257,Victor and his pigeons make grief tangible; check privacy.,
CZqKtrrIJF4,archive,Life & Reflection,11,Brief fragment not selected for this collection pass.,
CZufa-MIfr-,core,Love & Relationships,162,A human encounter that carries the argument for mercy.,
CZvrmC6oMqN,archive,Life & Reflection,44,Repeated version of another archived post.,repeated text
CZx-oJEI4Ow,archive,Faith & Trust,14,Brief fragment not selected for this collection pass.,
CZyknXMokDY,archive,Love & Relationships,43,Not selected in this editorial pass; source retained.,
CZy24CyIEPw,archive,Work & Simplicity,39,Not selected in this editorial pass; source retained.,
CZ2ru-ZoFJa,reserve,Life & Reflection,52,Gratitude passage quotes an unnamed source; trace it.,
CZ5RzajIbJy,archive,Life & Reflection,39,Repeated version of another archived post.,repeated text
CZ90COGoGnm,archive,Love & Relationships,137,Not selected in this editorial pass; source retained.,
CaHa0EnoXdM,archive,Life & Reflection,5,Brief fragment not selected for this collection pass.,
CaTRXLiI018,archive,Life & Reflection,45,Not selected in this editorial pass; source retained.,
CaUvg7joyM2,core,Life & Reflection,45,An honest account of escaping one's inner life.,
CaaELIQIy2T,archive,Love & Relationships,24,Not selected in this editorial pass; source retained.,
CacJcOoI2nA,archive,Life & Reflection,22,Not selected in this editorial pass; source retained.,
CaicsvhITl4,archive,Life & Reflection,8,Brief fragment not selected for this collection pass.,
CaldxTjINee,archive,Life & Reflection,16,Brief fragment not selected for this collection pass.,
CaqByOGItlL,archive,Writing & Learning,73,Third-party or attributed material; not treated as original prose.,
CaxkKBMoC0e,reserve,Writing & Learning,287,Strong story turn; confirm factual basis and privacy.,check image OCR
Ca8f78QoBSs,archive,Worship & Ramadan,33,Not selected in this editorial pass; source retained.,
Ca-ENFDICfy,archive,Love & Relationships,167,Time-bound announcement or promotion.,check handle
CbAE0vdIIBR,archive,Life & Reflection,10,Brief fragment not selected for this collection pass.,
CbA3SIhoU5j,reserve,Faith & Trust,224,Heart essay has broad cultural and scientific claims to verify.,
CbBbEZMILhY,archive,Life & Reflection,37,Not selected in this editorial pass; source retained.,
CbCv1z1jojv,archive,Life & Reflection,55,Repeated version of another archived post.,repeated text
CbC_IURDmTV,archive,Faith & Trust,12,Repeated version of another archived post.,repeated text
CbDLHRujqrH,archive,Life & Reflection,52,Not selected in this editorial pass; source retained.,
CbF-H0MItDh,core,Life & Reflection,48,The coarse thread of disappointment is a strong image.,
CbGJsXYo_XX,archive,Life & Reflection,66,Not selected in this editorial pass; source retained.,
CbIGJ_poeIE,archive,Faith & Trust,22,Not selected in this editorial pass; source retained.,
CbI3LTIIT8b,archive,Love & Relationships,230,Not selected in this editorial pass; source retained.,
CbJVC2KoBTr,reserve,Love & Relationships,166,Friendship piece overlaps the selected friendship essay.,
CbJfBbZIffO,archive,Life & Reflection,6,Brief fragment not selected for this collection pass.,
CbKfF7AIXRB,archive,Love & Relationships,55,Repeated version of another archived post.,repeated text
CbLQAcloKrG,archive,Inner Life & Healing,31,Not selected in this editorial pass; source retained.,
CbLdISeI54N,archive,Life & Reflection,45,Not selected in this editorial pass; source retained.,
CbL6KNfITrf,core,Journeys & Encounters,78,A generous portrait of private spiritual seeking.,
CbOXJrxI32e,archive,Life & Reflection,10,Brief fragment not selected for this collection pass.,
CbQREGeIw3W,reserve,Work & Simplicity,276,Stillness essay has energy but repeats its central point.,
CbWWpHJoYn-,reserve,Journeys & Encounters,254,Long grounded-man metaphor overlaps an earlier piece.,
CbXGtyeI21v,archive,Culture & Media,55,Not selected in this editorial pass; source retained.,
CbXrPGGIWiS,core,Worship & Ramadan,302,Ramadan grief complicates a familiar celebratory frame.,
CbbEN_1IxGr,reserve,Inner Life & Healing,41,Grief image is promising but less distinctive than personal scenes.,
CbdX4QJoBpz,archive,Life & Reflection,12,Brief fragment not selected for this collection pass.,
Cbdz5GWoZIK,reserve,Inner Life & Healing,110,Question about loneliness could gain a scene.,
CbfEs15ov_Y,archive,Inner Life & Healing,50,Not selected in this editorial pass; source retained.,
CbgZCEPoTXJ,core,Worship & Ramadan,102,Parting without malice is fully realized and humane.,
CbhwC5VowQw,archive,Life & Reflection,8,Brief fragment not selected for this collection pass.,
CbjdRIZIBQg,archive,Life & Reflection,68,Not selected in this editorial pass; source retained.,
CbkX7JAIoS_,archive,Work & Simplicity,42,Repeated version of another archived post.,repeated text
CbkyehxoIRr,core,Life & Reflection,55,A personal sense of a vanished childhood world.,
CblRyqYoGiJ,archive,Life & Reflection,7,Brief fragment not selected for this collection pass.,
CbnTBO-oyeW,reserve,Journeys & Encounters,182,Wall meditation attributes claims vaguely to traditions.,
CbqdP0ao6ZW,archive,Work & Simplicity,57,Repeated version of another archived post.,repeated text
Cbsz_KgIOQp,archive,Life & Reflection,53,Repeated version of another archived post.,repeated text
Cbtr3RpIzgb,archive,Life & Reflection,46,Not selected in this editorial pass; source retained.,
CbujjUkI7rX,archive,Life & Reflection,40,Not selected in this editorial pass; source retained.,
CbvCWM6IW3i,reserve,Inner Life & Healing,54,"A humane point about men's grief, ready for more detail.",
Cbx3WzTo6wr,core,Inner Life & Healing,8,"A concise, useful distinction about self-care.",
Cbzk1GDoaQZ,archive,Love & Relationships,45,Not selected in this editorial pass; source retained.,
Cb3RTvLI5JW,archive,Love & Relationships,14,Brief fragment not selected for this collection pass.,
Cb6VLquIrke,reserve,Work & Simplicity,193,Ramadan pressure piece could be cut substantially.,
Cb_LDg3j5q_,archive,Life & Reflection,51,Not selected in this editorial pass; source retained.,
Cb_qTFMDH9T,archive,Inner Life & Healing,99,Not selected in this editorial pass; source retained.,
CcBYdfHIMhL,archive,Faith & Trust,17,Brief fragment not selected for this collection pass.,
CcCMED8IERP,archive,Worship & Ramadan,60,Not selected in this editorial pass; source retained.,
CcEYgIuoc-L,archive,Faith & Trust,54,Not selected in this editorial pass; source retained.,
CcEx7rxIYzU,archive,Writing & Learning,46,Not selected in this editorial pass; source retained.,
CcGEc-hIlDP,core,Inner Life & Healing,43,Self-forgiveness adds a needed dimension to faith.,
CcHhdk6Ituv,archive,Life & Reflection,48,Not selected in this editorial pass; source retained.,
CcJQtNTojpo,archive,Life & Reflection,47,Not selected in this editorial pass; source retained.,
CcKUq5Ioa7G,core,Faith & Trust,55,The teacher's question opens a memorable image of mercy.,
CcMU8mcoIVA,archive,Life & Reflection,47,Not selected in this editorial pass; source retained.,
CcNjo9oI5C_,reserve,Love & Relationships,52,Marriage argument would benefit from lived particulars.,
CcPGMhfIhP5,core,Faith & Trust,47,Spiritual impostor syndrome is a specific insight.,
CcRvQQwoG0d,core,Life & Reflection,97,The teacher's warning about zeal has narrative force.,
CcUPbJQoMxW,archive,Work & Simplicity,90,Not selected in this editorial pass; source retained.,
CcZYNGMoYBo,archive,Life & Reflection,45,Not selected in this editorial pass; source retained.,
Ccb-sdIoeVE,archive,Love & Relationships,46,Repeated version of another archived post.,repeated text
CceVVMyofu7,archive,Work & Simplicity,49,Not selected in this editorial pass; source retained.,
Ccei5hRIGDm,core,Faith & Trust,49,A personal account of sincerity in people met.,repeated text
CchMDHRINgD,archive,Love & Relationships,53,Not selected in this editorial pass; source retained.,
CciQhgQoMUA,archive,Life & Reflection,46,Not selected in this editorial pass; source retained.,
CckCjJTo4c3,reserve,Worship & Ramadan,56,The fast-moving month overlaps a selected childhood contrast.,
CcmV2HAo19N,reserve,Love & Relationships,56,Different loves make a useful brief counterpoint.,
CcnxDJAIybn,archive,Faith & Trust,218,Not selected in this editorial pass; source retained.,
CcroAJkIl61,archive,Faith & Trust,54,Not selected in this editorial pass; source retained.,
CcuLI1xoZw-,archive,Writing & Learning,47,Not selected in this editorial pass; source retained.,
Ccv6ZcdIOPF,archive,Life & Reflection,14,Brief fragment not selected for this collection pass.,
CcxCvFdoj6j,archive,Worship & Ramadan,54,Not selected in this editorial pass; source retained.,
Cc3abHyI1Sf,archive,Visual / Needs Context,0,No recoverable text in the supplied archive.,
Cc_GOGcoEzQ,core,Faith & Trust,103,An intimate response to Ramadan disappointment.,
CdE3_JxokTk,archive,Inner Life & Healing,58,Not selected in this editorial pass; source retained.,
CdI-2AmIgfO,archive,Faith & Trust,14,Repeated version of another archived post.,repeated text
CdLfYT3omPr,archive,Life & Reflection,11,Brief fragment not selected for this collection pass.,
CdgX6fkI1Cs,core,Inner Life & Healing,47,Loneliness is linked to choices rather than slogans.,
CdguF2_o6Cv,archive,Life & Reflection,35,Not selected in this editorial pass; source retained.,
Cdlz1UHIsy4,archive,Life & Reflection,24,Not selected in this editorial pass; source retained.,
CdmBBqbIrAl,archive,Love & Relationships,34,Not selected in this editorial pass; source retained.,
Cdtkip4IZdu,reserve,Love & Relationships,40,Good company cascade has rhythm but little scene.,
Cdv1mdgoOaU,archive,Work & Simplicity,52,Not selected in this editorial pass; source retained.,
CdyXAj0ofEW,archive,Faith & Trust,46,Not selected in this editorial pass; source retained.,
CeHc4IaoaL8,archive,Inner Life & Healing,44,Repeated version of another archived post.,repeated text
CeHxq5_o1pu,archive,Life & Reflection,39,Repeated version of another archived post.,repeated text
CeI06_vIMdu,archive,Work & Simplicity,42,Repeated version of another archived post.,repeated text
CeJbNN1IMUF,archive,Love & Relationships,14,Repeated version of another archived post.,repeated text
CeJebCuoL6F,archive,Life & Reflection,10,Brief fragment not selected for this collection pass.,
CeJ9j60ocNH,archive,Life & Reflection,53,Repeated version of another archived post.,repeated text
CeKEEpWo7Jq,archive,Life & Reflection,12,Brief fragment not selected for this collection pass.,
CeLeSN8Iyi_,archive,Work & Simplicity,57,Repeated version of another archived post.,repeated text
CeLpQaCo5xm,archive,Life & Reflection,55,Repeated version of another archived post.,repeated text
CeL5vctoLZa,archive,Love & Relationships,55,Repeated version of another archived post.,repeated text
CeMWTMJIK78,archive,Life & Reflection,44,Repeated version of another archived post.,repeated text
CeMl9JEImxo,archive,Faith & Trust,25,Repeated version of another archived post.,repeated text
CeZYGuYIFtr,archive,Love & Relationships,46,Repeated version of another archived post.,repeated text
CecDfBeIwRK,archive,Work & Simplicity,42,Repeated version of another archived post.,repeated text
CefwwZHIeMP,core,Worship & Ramadan,28,A tender miniature on people who pray privately for us.,
CejDHeSIITo,reserve,Faith & Trust,55,Failure and mercy overlap stronger selected pieces.,
Cel_YDoIcNM,archive,Faith & Trust,41,Not selected in this editorial pass; source retained.,
CepBGOYoMZn,archive,Work & Simplicity,57,Repeated version of another archived post.,repeated text
CeqoeRRonwh,archive,Inner Life & Healing,53,Repeated version of another archived post.,repeated text
CerEoaWoCKS,archive,Faith & Trust,49,Repeated version of another archived post.,repeated text
CerpJGOoE8G,archive,Life & Reflection,21,Repeated version of another archived post.,repeated text
CesK8HDImgw,reserve,Work & Simplicity,42,Contentment thought could work as a short interlude.,
CexRfuFICVY,core,Life & Reflection,44,Names the resentment beneath people pleasing.,
CezT4O-IaCj,reserve,Faith & Trust,47,Religious policing point appears elsewhere with more detail.,
Ce1TKJhIcSR,archive,Inner Life & Healing,49,Not selected in this editorial pass; source retained.,
Ce1pndPoXii,archive,Inner Life & Healing,55,Not selected in this editorial pass; source retained.,
Ce6srfLItM8,core,Faith & Trust,49,An unusual physical description of conversation.,
Ce9_PAHouHn,reserve,Love & Relationships,48,Romantic-love question needs a less familiar phrasing.,
Ce_U2ivIxey,archive,Life & Reflection,46,Not selected in this editorial pass; source retained.,
Ce_wA01o2Xo,core,Life & Reflection,57,The rope of hope makes a communal image.,
CfA1IV2IZd4,archive,Life & Reflection,12,Brief fragment not selected for this collection pass.,
CfHLCi-o5A-,archive,Faith & Trust,41,Not selected in this editorial pass; source retained.,
CfHkyC3Idqm,core,Inner Life & Healing,49,An unexpected portrait of faith after heartbreak.,
CfNekqfIv3w,archive,Life & Reflection,49,Not selected in this editorial pass; source retained.,
CfRRvz-j13Y,reserve,Life & Reflection,47,Elderly woman's advice has a scene but a brief resolution.,
Cfkl-YLIudt,archive,Life & Reflection,8,Brief fragment not selected for this collection pass.,
CfkmcMFItME,archive,Life & Reflection,36,Not selected in this editorial pass; source retained.,
CfuAaERo7AE,reserve,Love & Relationships,292,Portrait of spiritual teachers needs OCR and quote checking.,check image OCR
Cf1O8ZMICkA,core,Journeys & Encounters,169,A remembered teacher gives the reflection a scene.,
Cf9tLKOI-dG,archive,Life & Reflection,42,Not selected in this editorial pass; source retained.,
CgB5slJo9ZV,archive,Life & Reflection,17,Brief fragment not selected for this collection pass.,
CgEhcDdIh6W,archive,Life & Reflection,29,Not selected in this editorial pass; source retained.,
CgNXdc5IdOe,core,Inner Life & Healing,156,Explores the image behind 'coolness of your eyes'.,
CgWw-6Ao43G,archive,Love & Relationships,46,Not selected in this editorial pass; source retained.,
CgXkEQkIA2L,core,Life & Reflection,45,A concise account of the beginner's mind.,
CgYGFWaIIlK,archive,Life & Reflection,23,Not selected in this editorial pass; source retained.,
CgfZ21jILs8,archive,Life & Reflection,29,Not selected in this editorial pass; source retained.,
Cgf66-9I9G2,core,Life & Reflection,179,A dramatic prayer dialogue; confirm intended fiction framing.,
Cghy6vHoUOa,reserve,Justice & Society,200,Fictional mirror scene needs a clearer framing and ending.,
Cg0BCEgItfr,core,Love & Relationships,118,The last ordinary phone call with his father.,
Cg5GuAKodZw,archive,Worship & Ramadan,53,Not selected in this editorial pass; source retained.,
Cg7zncjIkwO,archive,Life & Reflection,10,Brief fragment not selected for this collection pass.,
Cg8QeWDIzFC,archive,Inner Life & Healing,12,Brief fragment not selected for this collection pass.,
Cg-Omhlodxx,core,Work & Simplicity,535,A funeral scene that asks what endures; trim post timestamps.,
ChauNRlI8Ss,core,Love & Relationships,412,A detailed and personal account of losing his father.,
Ch5g1ppIC07,archive,Faith & Trust,12,Repeated version of another archived post.,repeated text
Ch-rVVWorTp,archive,Life & Reflection,11,Brief fragment not selected for this collection pass.,
CiBokvvI6SD,archive,Faith & Trust,14,Repeated version of another archived post.,repeated text
Ciq1quSI73z,archive,Inner Life & Healing,54,Not selected in this editorial pass; source retained.,check handle
CivMbq1oYBM,archive,Faith & Trust,48,Not selected in this editorial pass; source retained.,check handle
CjEtTZYog0C,archive,Faith & Trust,18,Not selected in this editorial pass; source retained.,check handle
CjE9NohI1XF,archive,Life & Reflection,55,Not selected in this editorial pass; source retained.,check handle
Cjg9sY8ox9E,archive,Inner Life & Healing,51,Not selected in this editorial pass; source retained.,check handle
CjjWHQMoUgM,archive,Worship & Ramadan,46,Not selected in this editorial pass; source retained.,check handle
CjjyCf3o_LN,archive,Life & Reflection,25,Not selected in this editorial pass; source retained.,check handle
Cj1HHaAIvjV,reserve,Faith & Trust,141,Strong approval idea; confirm the alternate Muhib handle.,check handle
Cj3GrQsoK4-,archive,Love & Relationships,47,Not selected in this editorial pass; source retained.,check handle
Cj5WJy5IFKw,archive,Faith & Trust,39,Not selected in this editorial pass; source retained.,check handle
Cj8YLWJosZ9,archive,Work & Simplicity,47,Not selected in this editorial pass; source retained.,check handle
Cj_0nUEoX4v,archive,Faith & Trust,53,Not selected in this editorial pass; source retained.,check handle
CkFWT9Moixp,archive,Life & Reflection,6,Brief fragment not selected for this collection pass.,check handle
CkrXx8TISk_,archive,Faith & Trust,12,Repeated version of another archived post.,repeated text
CkyXtBjo4Ad,archive,Faith & Trust,49,Not selected in this editorial pass; source retained.,check handle
Ck1nkslob_e,archive,Journeys & Encounters,53,Not selected in this editorial pass; source retained.,check handle
ClAc5q3IQI6,archive,Life & Reflection,27,Not selected in this editorial pass; source retained.,
ClHJVnloWda,core,Faith & Trust,63,Makes solitude within faith visible.,
ClMGv-Non8j,archive,Love & Relationships,77,Not selected in this editorial pass; source retained.,
ClZWbOPIxZs,archive,Love & Relationships,43,Not selected in this editorial pass; source retained.,
Cljs1a_IWEk,core,Faith & Trust,92,Spiritual baggage is named with compassion.,
CmE-tWPI4qH,reserve,Prophet & Sacred Learning,56,The central claim overlaps other mercy pieces.,
CmKFe-PIdQa,core,Faith & Trust,349,A complete Morocco story with a scene and turn; verify dialogue.,
CmKaBycoFED,archive,Journeys & Encounters,53,Not selected in this editorial pass; source retained.,check handle
CmPV_krIUKZ,core,Faith & Trust,81,A teacher's eleven words become a scene of reassurance.,
CmXC74fom9-,reserve,Faith & Trust,69,Mirror metaphor could pair with a lived example.,
CmcRXczIbvv,core,Inner Life & Healing,138,Religious fear and children's need for hope.,
Cmheat_IFF3,archive,Life & Reflection,3,Brief fragment not selected for this collection pass.,
CmhxySDoI-N,archive,Inner Life & Healing,67,Not selected in this editorial pass; source retained.,
CmmCkDgI2qC,archive,Work & Simplicity,66,Not selected in this editorial pass; source retained.,
CmpDywLILTT,core,Faith & Trust,262,The skater in Morocco shows hospitality in action.,
Cmv1mfNI0yH,reserve,Life & Reflection,92,A time meditation with familiar sand imagery.,
Cmz7UjKI_6C,archive,Culture & Media,68,Not selected in this editorial pass; source retained.,
Cm5WdxyIozp,archive,Journeys & Encounters,83,Not selected in this editorial pass; source retained.,
CnJeKtlopy5,archive,Love & Relationships,46,Not selected in this editorial pass; source retained.,
Cnfg0RfIcbu,core,Writing & Learning,61,Names the loss of creative confidence in Muslim communities.,
Cnt9aKzoR5x,archive,Life & Reflection,62,Not selected in this editorial pass; source retained.,
CnupDtHoDUr,archive,Writing & Learning,57,Not selected in this editorial pass; source retained.,check image OCR
CnxQ9hpIhAD,reserve,Life & Reflection,67,Uncertainty is true but needs a personal moment.,
Cn0He8gIAC1,core,Love & Relationships,617,A distinctive island encounter; check another person's privacy.,
CoaKNuFIeiO,archive,Life & Reflection,73,Not selected in this editorial pass; source retained.,
Coc6msLoJPS,core,Love & Relationships,143,A father remembers open doors and neighbourly trust.,
CokpjntIerG,archive,Life & Reflection,59,Not selected in this editorial pass; source retained.,
Co0QDfooNLl,archive,Faith & Trust,70,Not selected in this editorial pass; source retained.,
CpAhdKfIUPY,archive,Faith & Trust,17,Brief fragment not selected for this collection pass.,
CpQaCAUoHJ7,reserve,Faith & Trust,81,Private devotion overlaps a selected portrait.,
Cpi4IosIKP5,reserve,Worship & Ramadan,130,Nervous Ramadan overlaps the selected grief piece.,
Cpp8_2VoRxg,reserve,Inner Life & Healing,289,Long reflection needs cuts and a sharper turn.,
CpqOJSdLyC5,core,Faith & Trust,73,The rain image makes mercy available to the unprepared.,
Cp5jBwkoEoI,archive,Inner Life & Healing,59,Not selected in this editorial pass; source retained.,
CqEmRskIF2W,core,Worship & Ramadan,54,Playful forms of Ramadan welcome imperfect experience.,repeated text
CqGumm7IWko,reserve,Worship & Ramadan,71,Ramadan anxiety overlaps selected mercy material.,
CqJC6WHrZ-9,archive,Faith & Trust,66,Not selected in this editorial pass; source retained.,
CqLTJ2aoryD,archive,Faith & Trust,74,Not selected in this editorial pass; source retained.,
CqMo8uwolct,core,Life & Reflection,71,An accessible reflection on saying 'I don't know'.,
CqMrz9_oCX4,archive,Worship & Ramadan,63,Not selected in this editorial pass; source retained.,
CqPQ4R2odHk,archive,Inner Life & Healing,53,Not selected in this editorial pass; source retained.,
CqQ9gwvIqGX,archive,Love & Relationships,66,Not selected in this editorial pass; source retained.,
CqTdyJvoRb3,archive,Faith & Trust,72,Not selected in this editorial pass; source retained.,
CqW-UQ0IxUG,archive,Worship & Ramadan,86,Not selected in this editorial pass; source retained.,check image OCR
Cqa04P9IU0G,archive,Life & Reflection,10,Brief fragment not selected for this collection pass.,
CqeKpfGIdr3,archive,Worship & Ramadan,59,Not selected in this editorial pass; source retained.,
Cqetplmoey2,archive,Life & Reflection,63,Not selected in this editorial pass; source retained.,
CqjFxHZIWIS,core,Worship & Ramadan,79,A child's long Ramadan against an adult's quick one.,
CqmEmbGoNXy,archive,Worship & Ramadan,82,Not selected in this editorial pass; source retained.,
CqreR9nIICE,archive,Faith & Trust,71,Not selected in this editorial pass; source retained.,
CqxABKVIf4x,core,Faith & Trust,78,"A simple, affecting image of knocking again.",
Cq10MjiosF9,archive,Love & Relationships,68,Not selected in this editorial pass; source retained.,
Cq4QMMlo71N,archive,Worship & Ramadan,72,Not selected in this editorial pass; source retained.,
Cq62hYUoeNk,archive,Faith & Trust,57,Not selected in this editorial pass; source retained.,
Cq9ApoxoRHH,archive,Life & Reflection,66,Not selected in this editorial pass; source retained.,
Cq9egyeIeWR,archive,Love & Relationships,80,Not selected in this editorial pass; source retained.,
Cq_W9bUI2n1,archive,Faith & Trust,73,Not selected in this editorial pass; source retained.,
CrBzKZso0En,archive,Life & Reflection,11,Brief fragment not selected for this collection pass.,
CrCltv6Iuj8,archive,Prophet & Sacred Learning,77,Repeated version of another archived post.,repeated text
CrEq4jjIngI,core,Worship & Ramadan,88,Measures religion by its effect on other hearts.,
CrH7FGHIL1D,reserve,Faith & Trust,79,Small consistent actions may work as an interlude.,
CrIRJMPIKJW,archive,Journeys & Encounters,74,Not selected in this editorial pass; source retained.,
CrJsqC0osAu,archive,Faith & Trust,67,Not selected in this editorial pass; source retained.,
CrKHxgxoubn,archive,Worship & Ramadan,99,Not selected in this editorial pass; source retained.,
CrQpb20ordz,reserve,Writing & Learning,49,Good claim about religious questions needs an example.,
CrRYMEVoT7F,archive,Worship & Ramadan,41,Not selected in this editorial pass; source retained.,
CrVDNmKojGo,archive,Worship & Ramadan,11,Brief fragment not selected for this collection pass.,
CrV8lduoF75,archive,Prophet & Sacred Learning,71,Not selected in this editorial pass; source retained.,
CreJ-CroeBX,archive,Life & Reflection,30,Not selected in this editorial pass; source retained.,
CrjFqGpIwAM,archive,Worship & Ramadan,58,Not selected in this editorial pass; source retained.,
Crl-Ol9IAYJ,archive,Life & Reflection,50,Not selected in this editorial pass; source retained.,
CrmiwqbovKm,archive,Faith & Trust,68,Not selected in this editorial pass; source retained.,
CrwWoZyIt0B,core,Faith & Trust,91,The image of appearing without masks before God.,
CsAGMGeIwrO,archive,Love & Relationships,28,Not selected in this editorial pass; source retained.,
CtMasD5oElr,core,Love & Relationships,88,Personal account of finding Islam at twelve.,
CtaEaapoBYE,core,Worship & Ramadan,98,"A specific, warm account of praying as a beginner.",
Cth6_Yqo3Bq,archive,Faith & Trust,83,Repeated version of another archived post.,repeated text
Ctw5hgsLS2D,core,Love & Relationships,102,Family comparisons grounded in lived experience.,
CuITgOhr9w1,archive,Faith & Trust,102,Not selected in this editorial pass; source retained.,
CuXiejVooZ0,archive,Inner Life & Healing,75,Not selected in this editorial pass; source retained.,
Cut7rN7oQ-c,reserve,Inner Life & Healing,72,Inner-garden metaphor is promising but platform-specific.,
Cu2VA-bIkvy,core,Worship & Ramadan,92,The haircut detail makes a critique of teaching concrete.,
Cu8NM51IvY6,archive,Worship & Ramadan,73,Not selected in this editorial pass; source retained.,
CvEDrmDoNfL,archive,Faith & Trust,40,Not selected in this editorial pass; source retained.,
Cvk89fCLZTm,archive,Culture & Media,78,Not selected in this editorial pass; source retained.,
CvsGB7io-Ja,archive,Faith & Trust,77,Not selected in this editorial pass; source retained.,
Cv0gzNYooxp,core,Journeys & Encounters,88,Traffic lights and postmen ground a reflection on mortality.,
Cv7mYN6oY2G,archive,Love & Relationships,71,Not selected in this editorial pass; source retained.,
CwBcHHNIQ5E,core,Love & Relationships,34,A brief father and son exchange about love.,
CwCVkyrIUZt,archive,Work & Simplicity,152,Not selected in this editorial pass; source retained.,
CwDv2JErADS,reserve,Writing & Learning,221,Father-grief piece overlaps selected personal accounts.,
CwINopJI-qq,archive,Faith & Trust,118,Not selected in this editorial pass; source retained.,
CwJ5x7EopoW,core,Work & Simplicity,103,An argument for accepting our dependence on others.,
CwMRYQwIrMQ,archive,Worship & Ramadan,90,Not selected in this editorial pass; source retained.,
Cwi_1SRIgkr,reserve,Inner Life & Healing,73,Teacher's lesson overlaps selected character-and-faith pieces.,
CwkxpFzI3t-,core,Writing & Learning,87,A self-critical reflection on shallow religious content.,
CwncmLeIGY5,reserve,Faith & Trust,90,Hidden spiritual life overlaps an earlier selected portrait.,
CwpxCq5osDY,reserve,Faith & Trust,103,Baraka explanation overlaps the more personal selected version.,
CwsEebxogvH,archive,Journeys & Encounters,86,Not selected in this editorial pass; source retained.,
CwvO-xTIq2B,core,Culture & Media,88,Religious clothing becomes a concrete test of piety.,
Cwx14EVrHnp,reserve,Faith & Trust,92,Screen reflection needs a specific observed moment.,
Cw2ztnjreDq,core,Faith & Trust,107,Distinctive voice in the argument against gatekeeping mercy.,
Cw4pSf5oSDC,core,Life & Reflection,104,A funny childhood scene that changes with age.,
Cw5a7ZXolyR,reserve,Faith & Trust,113,Time piece has a strong sneeze opening; remove dated countdown.,
Cw6M2RzIxRg,archive,Worship & Ramadan,111,Not selected in this editorial pass; source retained.,
CxTo6SorPCk,archive,Inner Life & Healing,102,Not selected in this editorial pass; source retained.,
Cx4aumuIuTD,archive,Faith & Trust,83,Repeated version of another archived post.,repeated text
Cx5tAJFo1Lg,core,Prophet & Sacred Learning,83,Makes exhaustion with sectarian argument personal.,
CyQBUbhoSE8,reserve,Justice & Society,109,Justice and hope piece is thoughtful but abstract.,
CyTWOdpoPVc,reserve,Justice & Society,113,Gaza grief piece needs OCR repair and date context.,check image OCR
CyWQ9w0IBnB,archive,Justice & Society,113,Not selected in this editorial pass; source retained.,
CyYZbi3o6yR,archive,Writing & Learning,101,Not selected in this editorial pass; source retained.,
Cybmi17rTIm,archive,Writing & Learning,103,Not selected in this editorial pass; source retained.,
Cyb4pt3oRHr,reserve,Writing & Learning,370,Journaling prompts suit a different kind of collection.,
CydxXRZIcCe,archive,Faith & Trust,115,Not selected in this editorial pass; source retained.,
CyhOoNgIeTq,archive,Faith & Trust,103,Not selected in this editorial pass; source retained.,
Cyr_MymoB1h,archive,Worship & Ramadan,110,Not selected in this editorial pass; source retained.,
Cz-TT3WIC0w,archive,Love & Relationships,111,Not selected in this editorial pass; source retained.,
Cz_Ez3QItwE,archive,Love & Relationships,102,Not selected in this editorial pass; source retained.,
Cz_XTsrIDID,archive,Inner Life & Healing,104,Not selected in this editorial pass; source retained.,
C0BQ5ZYoT6z,core,Culture & Media,96,The violent switch in a social media feed is vivid.,
C0CZcvFIu63,archive,Faith & Trust,104,Not selected in this editorial pass; source retained.,
C0DoPzAovHY,archive,Inner Life & Healing,81,Not selected in this editorial pass; source retained.,
C0E7UfmokFE,archive,Prophet & Sacred Learning,176,Not selected in this editorial pass; source retained.,check image OCR
C0HsR3_oksv,reserve,Prophet & Sacred Learning,94,Welcoming note needs OCR repair.,check image OCR
C0IU5NFoaAx,archive,Worship & Ramadan,104,Not selected in this editorial pass; source retained.,
C0Oz4h_oij2,archive,Faith & Trust,113,Not selected in this editorial pass; source retained.,check image OCR
C0av7xEoQWS,archive,Justice & Society,127,Not selected in this editorial pass; source retained.,
C0fDfM-IfhG,archive,Inner Life & Healing,111,Not selected in this editorial pass; source retained.,
C0hhUcQo9Ol,archive,Writing & Learning,97,Not selected in this editorial pass; source retained.,
C0sleD3oQLE,archive,Faith & Trust,98,Not selected in this editorial pass; source retained.,
C00dUZIozGz,reserve,Work & Simplicity,87,Parallel list could serve as a brief interlude after cuts.,
C1dtfCboJnS,core,Justice & Society,104,A strong distinction between witnessing and serving Palestine.,
C1i17JZiAgA,archive,Work & Simplicity,107,Not selected in this editorial pass; source retained.,
C1qaZIQIVWX,archive,Faith & Trust,95,Not selected in this editorial pass; source retained.,
C1uxDiEo1HL,core,Justice & Society,109,Critiques attention-seeking advocacy; check dated references.,
C1zwyhAo8wj,archive,Writing & Learning,123,Not selected in this editorial pass; source retained.,
C17kJLxIYiV,core,Faith & Trust,120,A bodily reaction to baraka makes the idea personal.,repeated text
C19hXLRI-D4,reserve,Faith & Trust,99,Heart-as-pump essay repeats the earlier heart piece.,
C2BbmmpIO4L,archive,Justice & Society,121,Not selected in this editorial pass; source retained.,
C2DB1FcIVgf,archive,Worship & Ramadan,118,Not selected in this editorial pass; source retained.,
C2Hq9ZtIINC,archive,Justice & Society,103,Not selected in this editorial pass; source retained.,check image OCR
C2LLVwoIQgr,reserve,Love & Relationships,105,Father-grief piece repeats selected scenes and an aphorism.,
C2P2YbsIPjh,archive,Faith & Trust,110,Repeated version of another archived post.,repeated text
C2Xka5XI-FF,core,Inner Life & Healing,94,Attention economics gives silence a social context.,
C2cz67ioUE-,archive,Justice & Society,305,Not selected in this editorial pass; source retained.,check image OCR
C2io2sMI6yQ,archive,Justice & Society,102,Not selected in this editorial pass; source retained.,
C2k3JzuIwgf,archive,Life & Reflection,118,Not selected in this editorial pass; source retained.,check image OCR
C2nLxuUo7FZ,reserve,Work & Simplicity,107,Shyness piece overlaps earlier reflections.,
C3B4v_HoYii,archive,Culture & Media,85,Not selected in this editorial pass; source retained.,
C3GRjLZofX6,archive,Journeys & Encounters,85,Not selected in this editorial pass; source retained.,
C3b9qBLoQ6A,reserve,Love & Relationships,628,Powerful essay on a child in Gaza; verify facts and source imagery.,
C42oPyWICpf,archive,Worship & Ramadan,114,Not selected in this editorial pass; source retained.,
C6TUZ3MoCzo,core,Love & Relationships,148,"A persuasive, rhythmic invitation to begin again.",
C7g0B23IsuM,archive,Faith & Trust,140,Not selected in this editorial pass; source retained.,
C8URX1QoDOi,archive,Worship & Ramadan,11,Brief fragment not selected for this collection pass.,
C-Df6vhIwSa,archive,Faith & Trust,120,Repeated version of another archived post.,repeated text
C-EiZhyI08l,archive,Life & Reflection,3,Brief fragment not selected for this collection pass.,check image OCR
C-GUURoIOX_,reserve,Life & Reflection,96,Collective exhaustion needs a concrete scene.,
C-I3IFaoU3r,archive,Faith & Trust,160,Not selected in this editorial pass; source retained.,check image OCR
C-LnSOqIMPa,archive,Justice & Society,86,Not selected in this editorial pass; source retained.,
C-TM26CInwN,archive,Faith & Trust,110,Repeated version of another archived post.,repeated text
C-WFMgCIiTS,archive,Prophet & Sacred Learning,77,Repeated version of another archived post.,repeated text
C-gB8ULIVH1,archive,Faith & Trust,121,Not selected in this editorial pass; source retained.,check image OCR
C-g3K6xI02s,archive,Justice & Society,122,Not selected in this editorial pass; source retained.,
C-nYLgyo8jT,archive,Prophet & Sacred Learning,1232,Third-party or attributed material; not treated as original prose.,
C-1bn63odxJ,reserve,Faith & Trust,145,Teacher's mercy overlaps selected conversations.,
C--s7RLI7Ho,reserve,Faith & Trust,116,Trust-in-God piece overlaps others but has a useful opening.,
C_D6PLMo7-4,reserve,Faith & Trust,102,Clothing-and-faith essay overlaps selected costume piece.,
C_G83C_oEg5,archive,Work & Simplicity,109,Not selected in this editorial pass; source retained.,
C_K9Of6IQPj,archive,Faith & Trust,91,Not selected in this editorial pass; source retained.,
C_TPZ6JI3lg,archive,Visual / Needs Context,0,No recoverable text in the supplied archive.,
C_fvfbUIHIN,core,Worship & Ramadan,107,Character provides a practical measure of worship.,
C_lpdc6IAgF,reserve,Faith & Trust,105,Common-struggle piece overlaps selected 'tryers' material.,
C_n5D1ro02N,archive,Prophet & Sacred Learning,94,Not selected in this editorial pass; source retained.,
C_uNSS_IGgJ,archive,Faith & Trust,113,Not selected in this editorial pass; source retained.,check image OCR
C_9TTMPoBH_,archive,Prophet & Sacred Learning,109,Not selected in this editorial pass; source retained.,check image OCR
DAAEY33oPPD,archive,Faith & Trust,102,Not selected in this editorial pass; source retained.,
DAWOhnMIZv9,archive,Faith & Trust,157,Not selected in this editorial pass; source retained.,check image OCR
DAnbv6rPqm2,archive,Love & Relationships,93,Not selected in this editorial pass; source retained.,check image OCR
DAro65WznMF,archive,Faith & Trust,99,Not selected in this editorial pass; source retained.,
DA2CYcPz1um,archive,Life & Reflection,122,Not selected in this editorial pass; source retained.,
DA2_yEePGGp,archive,Prophet & Sacred Learning,128,Not selected in this editorial pass; source retained.,
DA-xaS_PPFi,archive,Faith & Trust,107,Not selected in this editorial pass; source retained.,
DBAan7Dz4mZ,core,Prophet & Sacred Learning,102,Asks what young people hear about the Prophet's love.,
DBEhpn4TVA2,archive,Work & Simplicity,116,Not selected in this editorial pass; source retained.,check image OCR
DBGhnmsPBdo,archive,Faith & Trust,154,Not selected in this editorial pass; source retained.,
DBJ9Bx8zXMq,archive,Love & Relationships,146,Not selected in this editorial pass; source retained.,
DBeZxB_zbIU,archive,Love & Relationships,127,Not selected in this editorial pass; source retained.,
DBlb0pCv78R,archive,Faith & Trust,103,Not selected in this editorial pass; source retained.,
DBoxVKsT6KV,reserve,Faith & Trust,195,Religious-cosplay argument needs OCR repair.,check image OCR
DBqCZOevhQ8,core,Faith & Trust,88,The line between Muslim as label and verb is striking.,
DB1kQQITPdY,reserve,Journeys & Encounters,119,Visiting out of love includes an appealing encounter.,
DB4KHA1T1Pu,archive,Justice & Society,82,Not selected in this editorial pass; source retained.,
DCH-lTwTggP,reserve,Faith & Trust,74,Sincerity portrait overlaps the retained sincerity piece.,
DCykaAevpmg,archive,Life & Reflection,74,Not selected in this editorial pass; source retained.,check image OCR
DCzCa10PNpV,archive,Inner Life & Healing,115,Not selected in this editorial pass; source retained.,
DCzcBw6TPQC,core,Writing & Learning,132,Personal change traced to patient people rather than force.,
DC83FfHTi11,archive,Faith & Trust,99,Not selected in this editorial pass; source retained.,
DDAOun1T1pV,reserve,Love & Relationships,118,Friendship definition overlaps an earlier selected essay.,
DDXZMPgv3Go,archive,Faith & Trust,123,Not selected in this editorial pass; source retained.,
DDc2wGNzwUE,archive,Faith & Trust,538,Not selected in this editorial pass; source retained.,check image OCR
DDovLpbPdDm,archive,Visual / Needs Context,0,No recoverable text in the supplied archive.,
DDrr5KOvbs9,archive,Visual / Needs Context,0,No recoverable text in the supplied archive.,
DDscf51TUN1,reserve,Faith & Trust,205,Love essay needs significant compression.,
DD7H7LnPPHy,archive,Love & Relationships,138,Not selected in this editorial pass; source retained.,check speech transcript
DD-C0-1z5Po,reserve,Life & Reflection,135,Spoken individualism reflection needs shaping for the page.,check speech transcript
DEAno6gBrfr,reserve,Journeys & Encounters,93,Spiritual-guide contrast needs a scene.,
DEN3TlWT3ey,core,Inner Life & Healing,114,Tears and vulnerability are rendered as spiritual dignity.,
DEYk718TtvQ,reserve,Faith & Trust,126,Trust reflection is thoughtful but mostly abstract.,
DE2glowvHDc,archive,Faith & Trust,191,Not selected in this editorial pass; source retained.,check speech transcript
DGrS3Cpoz29,archive,Worship & Ramadan,54,Repeated version of another archived post.,repeated text
DHSvUYmvbix,core,Worship & Ramadan,82,A convert fasting alone makes the call to hospitality specific.,
DH8vIsDz4ps,core,Love & Relationships,859,An extended autobiographical piece; repair OCR before use.,check image OCR
DJQD-IZzoXE,archive,Inner Life & Healing,185,Not selected in this editorial pass; source retained.,check image OCR
DJTOZf2B6jI,archive,Work & Simplicity,153,Not selected in this editorial pass; source retained.,check image OCR
DJVUVF_ToT0,reserve,Love & Relationships,386,Kashmir story has promise; OCR and historical claims need checking.,check image OCR
DJcI3YVzbt1,archive,Justice & Society,177,Not selected in this editorial pass; source retained.,
DJjqOaap5_h,archive,Love & Relationships,316,Not selected in this editorial pass; source retained.,check image OCR
DJp15QgzNJV,archive,Life & Reflection,116,Not selected in this editorial pass; source retained.,check image OCR
DJt8_G_zMw0,archive,Visual / Needs Context,0,No recoverable text in the supplied archive.,
DJ1ZuC8zpfJ,archive,Culture & Media,5,Brief fragment not selected for this collection pass.,check image OCR
DJ9ke2yz3bj,archive,Justice & Society,349,Not selected in this editorial pass; source retained.,check image OCR
DKrD0xkvz4q,archive,Justice & Society,213,Not selected in this editorial pass; source retained.,check image OCR; check handle
DMOIRfvz71-,reserve,Faith & Trust,137,Boulder parable needs a traceable source.,
DMw5iySvgAk,reserve,Writing & Learning,220,Instagram shows excerpts; obtain the full Substack essay.,
DNDN9wePVHj,archive,Love & Relationships,287,Not selected in this editorial pass; source retained.,check image OCR
DOVZ_8Ijwkz,archive,Writing & Learning,25,Third-party or attributed material; not treated as original prose.,check image OCR
DPMrf_hE8A_,archive,Prophet & Sacred Learning,155,Not selected in this editorial pass; source retained.,check image OCR
DQBVf32Dx0C,archive,Writing & Learning,7,Brief fragment not selected for this collection pass.,
DQjDaZ1D9oQ,reserve,Prophet & Sacred Learning,378,Instagram shows excerpts; obtain the full Substack essay.,check image OCR
DQmUcUwjxyM,reserve,Worship & Ramadan,271,Instagram shows excerpts; obtain the full Substack essay.,
DQr-Fq-k995,archive,Writing & Learning,265,Not selected in this editorial pass; source retained.,
DQwv8_bD23Z,reserve,Prophet & Sacred Learning,237,Instagram shows excerpts; obtain the full Substack essay.,check image OCR
DRbpEFVD91g,archive,Visual / Needs Context,1,Brief fragment not selected for this collection pass.,check image OCR
DRiLvApEzwD,reserve,Worship & Ramadan,338,Instagram shows excerpts; obtain the full Substack essay.,
DSma8kNj4oj,reserve,Writing & Learning,128,Instagram shows excerpts; obtain the full Substack essay.,
DS9Q4Woj5NO,reserve,Writing & Learning,433,Instagram shows excerpts; obtain the full Substack essay.,
DT8gnb_EyvI,reserve,Writing & Learning,188,Instagram shows excerpts; obtain the full Substack essay.,
DUgHs4Bj5gs,reserve,Work & Simplicity,231,Instagram shows excerpts; obtain the full Substack essay.,
DUl3-1mkwT2,reserve,Justice & Society,223,Instagram shows excerpts; obtain the full Substack essay.,
DVB4JT7E82f,reserve,Worship & Ramadan,351,Instagram shows excerpts; obtain the full Substack essay.,
DXaYyBnjPkH,archive,Life & Reflection,27,Not selected in this editorial pass; source retained.,check image OCR
DYpDGr6sN5A,core,Worship & Ramadan,330,A concrete mosque comparison; edit speech against video.,check speech transcript
DYpdlpUIBST,reserve,Faith & Trust,438,Video revisits the selected Morocco bread story.,check speech transcript
DYxLNXIoeDv,reserve,Love & Relationships,344,Video revisits the selected funeral insight.,check speech transcript
DYxf6KzIYr0,core,Work & Simplicity,524,A personal story about hustle advice; edit speech against video.,check speech transcript
DZhz7JpIWtl,core,Worship & Ramadan,444,A football scene raises a question about religious expression.,check speech transcript
DZvA_9DI6P3,reserve,Work & Simplicity,481,Video has an important point; broad claims need tightening.,check speech transcript
DZxk-AiINvg,reserve,Prophet & Sacred Learning,363,Video critique needs a clean transcript and context.,check speech transcript
DZ0P-tfoT5K,reserve,Love & Relationships,345,Spoken friendship discussion overlaps selected pieces.,check speech transcript
DaLWqIoIl_d,reserve,Culture & Media,300,Spoken media critique needs a clean transcript.,check image OCR; check speech transcript
DbeaDNQCIyN,archive,Inner Life & Healing,281,Time-bound announcement or promotion.,check image OCR
DbtUI1WIB3x,core,Love & Relationships,561,A teacher's mercy is shown in an encounter; verify speech.,check speech transcript
Db_PHudIsyP,reserve,Culture & Media,267,Video expands a previous post; select one version.,check speech transcript
DcMXDV6oJ3i,archive,Life & Reflection,95,Third-party or attributed material; not treated as original prose.,
DcRJupgIrmS,reserve,Faith & Trust,264,Spoken friendship reflection overlaps earlier selections.,check speech transcript
DcUUAnqiPz9,archive,Prophet & Sacred Learning,273,Not selected in this editorial pass; source retained.,check image OCR
DdNW9cQiCYh,core,Faith & Trust,124,Grace closes the distance between metrics and sufficiency.,
DduvQ2vCMQ_,archive,Visual / Needs Context,0,No recoverable text in the supplied archive.,
